a,b,presence,observed,expected_additive,synergy
perk:enemy_bounce,perk:projectile_count,77,1522.7674778123253,533.9792336252461,981.4193559582285
perk:damage_percent,perk:enemy_bounce,65,1376.9455275236317,1062.067756659658,143.50094135522076
perk:damage_percent,perk:projectile_count,72,1376.9455275236317,1064.7396752434122,139.31103625785764
perk:enemy_bounce,perk:flat_damage,69,1505.9036780487404,1213.9170505927907,124.71256804020108
perk:flat_damage,perk:projectile_count,73,1505.9036780487404,1222.4240155554733,117.07959116451777
perk:attack_speed,perk:enemy_bounce,59,1488.521803308731,1214.6710361977646,115.01803291727094
perk:attack_speed,perk:projectile_count,63,1488.521803308731,1223.1451548324414,101.1846554639301
item:corrupted_vial,perk:enemy_bounce,38,1262.029945735527,1052.2082066608016,90.36682237849135
perk:crit_multiplier,perk:enemy_bounce,60,1384.8230428205877,1175.7706131489288,83.3009586698656
perk:crit_multiplier,perk:projectile_count,64,1384.8230428205877,1179.5152477767444,77.48592667348511
item:corrupted_vial,perk:projectile_count,43,1262.029945735527,1064.9222410991122,70.51874160620396
perk:enemy_bounce,perk:life_steal,31,675.9384324633393,567.9140669155735,65.13922544019857
perk:life_steal,perk:projectile_count,33,671.9517689961588,569.5045310293885,58.56398024574272
perk:crit_chance,perk:projectile_count,50,1173.0439521395485,1050.962790440364,49.4802376123973
perk:crit_chance,perk:enemy_bounce,47,1173.726609490741,1055.8700168306557,45.53301894410225
perk:elite_flat_damage,perk:projectile_count,77,1449.2231708714935,1349.7447876404824,41.236947964935325
perk:elite_flat_damage,perk:enemy_bounce,68,1449.2231708714935,1355.2557541260455,34.945554149707206
item:syringe,perk:enemy_bounce,41,1251.9859267820732,1161.2514681080308,33.030547339364766
item:syringe,perk:projectile_count,42,1251.9859267820732,1162.5316841124898,32.106647612667
item:blood_infusion,perk:projectile_count,45,1165.358978714203,1107.441303979141,26.037737127624027
item:blood_infusion,perk:enemy_bounce,45,1165.358978714203,1111.1031240826503,20.567348217558706
item:energy_drink,perk:enemy_bounce,38,841.6326679687658,800.8092674321643,19.36897860334556
item:corrupted_vial,perk:crit_multiplier,30,1182.1749316402177,1026.1721031689858,17.572607375073634
perk:damage_percent,perk:flat_damage,65,1355.1991213507717,1261.9741734858983,16.8152636316519
item:energy_drink,perk:projectile_count,36,841.6326679687658,802.7387847380024,16.72222390353233
perk:projectile_count,perk:projectile_speed,44,906.4296208555476,869.8838689327878,16.05331929638453
perk:enemy_bounce,perk:projectile_speed,39,907.1122782067401,872.0043214946319,13.52452744569989
perk:crit_chance,perk:crit_multiplier,40,963.5968130431307,880.1827910603474,12.003659043409874
item:corrupted_vial,perk:life_steal,17,676.2168769908986,635.5465243731185,11.811990667729885
perk:attack_speed,perk:damage_percent,52,1315.8641853070956,1233.425303730448,11.72671476704908
perk:attack_speed,perk:flat_damage,57,1465.8095949662093,1390.309133089051,10.708246170076734
perk:flat_damage,perk:life_steal,33,632.2318274865297,595.1884221572749,9.829778724236773
perk:attack_speed,perk:life_steal,26,571.4854237544553,541.4580750607767,9.508999581934932
item:corrupted_vial,perk:flat_damage,42,1247.3233538659495,1188.2470785048924,8.451782261608622
perk:crit_multiplier,perk:life_steal,26,544.0249008150744,518.1313655756156,6.796501618013753
perk:crit_multiplier,perk:damage_percent,52,1247.9521341766258,1194.6228924847417,6.7859131246673945
perk:crit_multiplier,perk:flat_damage,54,1360.1533371910623,1306.8535802212389,6.482581183818135
perk:damage_percent,perk:life_steal,26,435.6899388445611,418.2563146713762,6.376675558755514
item:corrupted_vial,perk:attack_speed,34,1200.7599238796893,1145.1186334880595,6.277989124907116
item:corrupted_vial,perk:damage_percent,35,1026.9293244546632,977.0888607817442,6.012659193100188
item:blood_infusion,perk:crit_multiplier,42,1049.5989820844582,1004.568189193613,5.735422969863553
perk:attack_speed,perk:crit_multiplier,48,1342.0498443969275,1287.5515666947263,5.555135445030778
perk:damage_percent,perk:elite_flat_damage,66,1277.4552990251702,1245.9639251560573,4.697619011340026
perk:crit_chance,perk:damage_percent,40,997.3787457726703,968.6202865076583,4.307607402047389
item:syringe,perk:flat_damage,37,1184.6053302142118,1156.1948692456797,3.384200727434361
perk:crit_chance,perk:flat_damage,43,1097.2673854767334,1068.156677885983,3.2284330319734287
perk:attack_speed,perk:crit_chance,44,1103.7080993486559,1072.9686465584782,3.076879563096995
item:blood_infusion,perk:damage_percent,38,1057.244564331403,1036.6743319526424,3.0083112144410484
item:syringe,perk:attack_speed,35,1166.8501610149854,1144.351029394488,2.82030652279381
perk:crit_multiplier,perk:elite_flat_damage,57,1375.8282764648345,1352.728150113548,2.7991133077737325
item:syringe,perk:life_steal,21,429.8844703688582,420.4676548154082,2.6250569115765994
item:energy_drink,perk:damage_percent,31,703.9914655944648,690.918515074186,2.505095041095385
perk:attack_speed,perk:elite_flat_damage,59,1406.6953079213765,1383.8343938316937,2.3985266765889466
item:corrupted_vial,perk:elite_flat_damage,39,1250.7746553589625,1232.47109448715,2.150023255257714
perk:crit_chance,perk:elite_flat_damage,46,1064.2840687895766,1050.5638270655186,2.148871237474814
perk:crit_chance,perk:life_steal,20,347.2017749555512,339.56398647404217,2.126937602455128
item:blood_infusion,perk:flat_damage,43,1120.2923432587713,1106.5673846108818,2.034477664099885
item:blood_infusion,perk:attack_speed,36,1095.1289234925282,1081.5342434837582,1.7335869318698673
item:corrupted_vial,item:syringe,24,848.1522957345464,831.9619198214326,1.7103468110471585
item:energy_drink,perk:flat_damage,32,777.0175280827306,766.902714908013,1.6154817335622613
perk:damage_percent,perk:projectile_speed,35,813.9612835266003,802.056435754837,1.5192496746337012
item:blood_infusion,perk:life_steal,17,513.6519218675636,508.4467789165499,1.4907352870510027
item:energy_drink,perk:life_steal,21,407.62190737385043,403.59710713223495,1.40635492740816
item:syringe,perk:crit_multiplier,29,1050.6402431795984,1035.4569899326923,1.3906999181920607
perk:flat_damage,perk:projectile_speed,42,835.2191101678104,826.6596965705941,1.3251805502924114
item:blood_infusion,perk:elite_flat_damage,37,1029.3375252350177,1021.2626028123112,1.1471139313866472
item:corrupted_vial,item:energy_drink,16,838.2407701836164,828.259646283295,1.1432815814519242
perk:attack_speed,perk:projectile_speed,37,810.9707453075613,801.2257569465227,1.1082109569754077
perk:life_steal,perk:projectile_speed,22,346.46118063915577,343.6328441999098,1.049685187821728
item:energy_drink,perk:crit_multiplier,30,690.5919176804191,683.117055493938,1.0182269247676783
item:syringe,perk:elite_flat_damage,39,1134.603139165488,1126.7597341247513,0.969755325728561
item:energy_drink,perk:crit_chance,27,475.14030365824016,470.99996716136656,0.9285906627144674
item:syringe,perk:crit_chance,31,888.8622658729711,880.9890688844083,0.7328500407530646
perk:crit_multiplier,perk:projectile_speed,28,633.0962291295109,628.561271782772,0.7022199161045632
item:energy_drink,perk:elite_flat_damage,38,822.2411553418475,817.7722196193823,0.6367308508135389
perk:elite_flat_damage,perk:projectile_speed,41,787.470309458943,783.5233186788923,0.6025133168155953
item:corrupted_vial,perk:projectile_speed,23,546.5232141834863,542.6953298054201,0.6005640402519307
item:energy_drink,perk:attack_speed,31,716.5135292831051,713.6081846632156,0.478013018746267
item:blood_infusion,item:syringe,19,956.5316301525583,952.2555266832186,0.4527830263343919
item:energy_drink,item:syringe,19,532.5419832104609,529.6777272844249,0.4408672690660303
item:blood_infusion,perk:projectile_speed,25,679.7621407980808,676.8379467623471,0.39848139386609976
item:blood_infusion,item:energy_drink,17,470.43781297856094,468.4820942772594,0.3900975284389068
perk:crit_chance,perk:projectile_speed,23,604.6987544007359,601.436851055069,0.37984926066232755
item:syringe,perk:projectile_speed,24,696.4258419244989,693.81074734634,0.32443143781848843
item:canned_food,perk:armor,27,775.8538652587622,775.2306160854135,0.21980075631342147
item:blood_infusion,perk:crit_chance,26,795.0027144520185,794.7277144520185,0.18959344007618242
perk:armor,perk:shield,53,989.0111010534065,988.2677276543767,0.10893211788584233
perk:collect_radius,perk:xp_gain,47,886.2188505697864,885.8713930197863,0.05854190976457535
perk:collect_radius,perk:gold_gain,37,480.01739933508543,479.8843719350854,0.052262974605112346
item:midas_hand,perk:collect_radius,38,687.4487875448727,687.4014765448728,0.010081777325800899
item:corrupted_vial,perk:crit_chance,30,948.1313763917341,948.1313763917341,0.004620228045169795
item:canned_food,perk:projectile_count,43,1070.849994003446,1070.8499940034458,2.2576021215753253e-14
item:canned_food,perk:enemy_bounce,37,1070.849994003446,1070.8499940034458,1.8425160254026692e-14
perk:projectile_count,perk:shield,80,1411.0614417768631,1411.0614417768631,1.3583664936909795e-14
item:canned_food,item:corrupted_vial,17,835.0471351851834,835.0471351851833,1.1195989903395543e-14
perk:enemy_bounce,perk:health_regen,63,1178.8154562998725,1178.8154562998725,1.0973014860914037e-14
perk:crit_chance,perk:xp_gain,41,978.1969832532221,978.1969832532221,1.0199594346188054e-14
perk:life_steal,perk:xp_gain,24,480.0514024085625,480.0514024085625,1.000551322006128e-14
item:midas_hand,perk:xp_gain,32,786.0043585489916,786.0043585489915,9.528593476190689e-15
perk:elite_flat_damage,perk:xp_gain,54,1269.9362235869123,1269.936223586912,9.513318396039798e-15
item:canned_food,perk:elite_flat_damage,36,944.9499674481963,944.9499674481963,7.868457140246856e-15
item:syringe,perk:xp_gain,34,957.1157279943109,957.1157279943109,7.24390514723385e-15
item:canned_food,perk:flat_damage,41,1062.6555180641774,1062.6555180641772,7.143682800435411e-15
perk:armor,perk:life_steal,22,430.5921474922185,430.5921474922185,7.0624143566362185e-15
item:corrupted_vial,item:golden_sneakers,23,648.1164420474958,648.1164420474956,7.035427879681718e-15
item:midas_hand,perk:crit_chance,27,640.0525010043497,640.0525010043497,6.9202284478962605e-15
perk:damage_percent,perk:shield,68,1253.407719874027,1253.4077198740267,6.811245831878233e-15
item:canned_food,perk:xp_gain,30,734.2756992173872,734.2756992173871,6.807148889577631e-15
perk:armor,perk:enemy_bounce,49,1130.9955149872274,1130.9955149872274,6.7861190637044554e-15
perk:armor,perk:projectile_count,57,1130.9955149872274,1130.9955149872274,6.780861718925865e-15
item:golden_sneakers,perk:crit_chance,23,500.6231486726992,500.6231486726992,6.5801743616877164e-15
perk:move_speed,perk:shield,41,769.5853893394623,769.5853893394623,6.26742660014714e-15
item:midas_hand,perk:life_steal,20,611.5405844686296,611.5405844686295,6.045811898543415e-15
perk:enemy_bounce,perk:shield,73,1411.0614417768631,1411.0614417768631,5.978443887695444e-15
item:canned_food,perk:crit_chance,21,807.8770625557117,807.8770625557117,5.926058962082169e-15
item:blood_infusion,perk:armor,32,797.6255073516445,797.6255073516445,5.855524253412233e-15
item:canned_food,perk:shield,38,906.9737163798217,906.9737163798214,5.736001014093502e-15
item:canned_food,item:golden_sneakers,21,560.7853387909229,560.7853387909229,5.679326893595871e-15
item:golden_sneakers,perk:crit_multiplier,32,832.4532904213435,832.4532904213435,5.638349672766185e-15
item:canned_food,perk:health_regen,33,857.8085350934842,857.808535093484,5.627736290618877e-15
item:canned_food,perk:crit_multiplier,28,918.7750747968836,918.7750747968835,5.624927626128296e-15
item:golden_sneakers,perk:health_regen,35,750.0674761493468,750.0674761493466,5.6207588885170705e-15
item:golden_sneakers,perk:life_steal,17,334.0099122628767,334.0099122628767,5.538263749149328e-15
item:corrupted_vial,item:midas_hand,22,778.6752272445475,778.6752272445475,5.483128991050655e-15
item:blood_infusion,item:corrupted_vial,22,853.620083025886,853.620083025886,5.404233714274632e-15
item:canned_food,item:energy_drink,15,593.6401445843933,593.6401445843933,5.340047244348145e-15
perk:shield,perk:xp_gain,59,1176.8633851632032,1176.8633851632032,5.2649551344241666e-15
item:corrupted_vial,perk:xp_gain,34,1159.774480561258,1159.7744805612579,5.2472431065446834e-15
item:blood_infusion,perk:xp_gain,33,860.0911284354053,860.0911284354053,5.238839278725941e-15
item:energy_drink,item:golden_sneakers,17,569.0118903472304,569.0118903472304,5.235475143838387e-15
item:syringe,perk:shield,41,1115.4517864533002,1115.4517864533002,5.222394840909187e-15
item:midas_hand,perk:jump_bonus,13,434.4547024438108,434.4547024438108,5.179239602941875e-15
perk:collect_radius,perk:move_speed,36,613.7619716092812,613.7619716092812,5.077095015854657e-15
item:canned_food,perk:life_steal,14,573.4141998002042,573.4141998002042,5.061576631388682e-15
item:blood_infusion,item:midas_hand,25,670.3182301782568,670.3182301782567,5.015563729801607e-15
item:syringe,perk:collect_radius,36,955.3946332685324,955.3946332685324,4.962563102755264e-15
item:midas_hand,perk:projectile_speed,27,504.2990366491014,504.2990366491014,4.957017596541716e-15
item:syringe,perk:health_regen,38,1012.7562475854644,1012.7562475854643,4.846351610918849e-15
perk:jump_bonus,perk:xp_gain,25,279.43877959737193,279.43877959737193,4.7984992534963754e-15
perk:crit_chance,perk:move_speed,32,553.1370821819528,553.1370821819528,4.77133216690738e-15
perk:projectile_count,perk:xp_gain,59,1302.4713938665034,1302.4713938665034,4.6771698835181605e-15
item:canned_food,perk:move_speed,20,544.9287930554327,544.9287930554326,4.674856547320118e-15
item:golden_sneakers,perk:projectile_speed,23,434.83931979216766,434.83931979216766,4.6343780638844195e-15
perk:life_steal,perk:move_speed,16,415.18806313375495,415.188063133755,4.610675750504799e-15
item:energy_drink,perk:shield,36,814.2068698711727,814.2068698711727,4.534604016726464e-15
perk:elite_flat_damage,perk:life_steal,33,631.3872537532089,631.3872537532089,4.487170801431353e-15
item:golden_sneakers,perk:attack_speed,29,779.0759824208463,779.0759824208463,4.486062012595384e-15
item:blood_infusion,perk:jump_bonus,14,366.16013908254223,366.1601390825423,4.472458427015508e-15
perk:jump_bonus,perk:projectile_speed,17,311.46010670992024,311.46010670992024,4.435971096275395e-15
item:blood_infusion,perk:collect_radius,36,825.3099633961069,825.3099633961069,4.425868773846435e-15
perk:crit_multiplier,perk:xp_gain,46,1218.524445721888,1218.524445721888,4.400323560700993e-15
item:golden_sneakers,perk:elite_flat_damage,35,815.0809757357888,815.0809757357887,4.380177460538941e-15
item:corrupted_vial,perk:shield,43,1133.8024043147948,1133.8024043147948,4.1601321964908245e-15
item:energy_drink,perk:armor,23,424.0594362395649,424.0594362395649,4.138860811078285e-15
item:blood_infusion,perk:health_regen,35,776.6726873160059,776.6726873160059,4.125965169548758e-15
perk:health_regen,perk:projectile_count,62,1178.8154562998725,1178.8154562998725,4.063137263999458e-15
perk:jump_bonus,perk:move_speed,20,210.85537915106823,210.85537915106823,4.052559689586333e-15
item:canned_food,item:midas_hand,23,708.8287496763622,708.8287496763622,3.990602523431875e-15
item:blood_infusion,item:canned_food,19,974.3809064766104,974.3809064766104,3.935781299146729e-15
perk:health_regen,perk:shield,60,1040.470610747773,1040.4706107477728,3.921925976479419e-15
perk:health_regen,perk:jump_bonus,25,262.9293784223484,262.92937842234846,3.8284445794811326e-15
perk:elite_flat_damage,perk:move_speed,39,740.787212149023,740.787212149023,3.811594250307182e-15
item:blood_infusion,item:golden_sneakers,19,575.9509073809783,575.9509073809783,3.8091912916385584e-15
item:sneakers,item:syringe,21,576.3005782618061,576.3005782618061,3.793435368593236e-15
item:golden_sneakers,perk:xp_gain,28,636.6118224583404,636.6118224583403,3.559620643849948e-15
item:sneakers,perk:projectile_speed,19,457.7885831964665,457.7885831964665,3.460657954319076e-15
perk:armor,perk:xp_gain,43,950.3318386307034,950.3318386307033,3.408242729187071e-15
item:golden_sneakers,perk:collect_radius,32,658.7259244959001,658.7259244959001,3.361966864611082e-15
item:golden_sneakers,perk:flat_damage,39,852.1333868855094,852.1333868855094,3.3182266119996343e-15
item:midas_hand,perk:crit_multiplier,34,872.353958125614,872.353958125614,3.313979050126781e-15
item:blood_infusion,perk:shield,45,1037.3969979904157,1037.3969979904155,3.2674532251130517e-15
item:blood_infusion,perk:move_speed,24,473.70864822006274,473.70864822006274,3.232619245435286e-15
perk:projectile_speed,perk:xp_gain,35,597.0989670714106,597.0989670714106,3.212736666035053e-15
perk:armor,perk:jump_bonus,19,226.41352782343648,226.41352782343648,3.0934412762316046e-15
perk:jump_bonus,perk:shield,31,374.8472777547062,374.8472777547062,3.081759896897325e-15
item:canned_food,perk:damage_percent,39,967.9579478799351,967.957947879935,3.07182041127148e-15
item:syringe,perk:armor,28,813.9836425555586,813.9836425555586,2.8872235315028358e-15
item:midas_hand,perk:move_speed,21,535.0393893749444,535.0393893749446,2.886002209995204e-15
item:corrupted_vial,perk:jump_bonus,14,231.7353033606633,231.7353033606633,2.8771346887242654e-15
perk:gold_gain,perk:projectile_speed,28,444.72118268272703,444.72118268272703,2.768518891318028e-15
item:sneakers,perk:flat_damage,39,827.5954028934575,827.5954028934575,2.7508322631346455e-15
item:golden_sneakers,item:sneakers,23,518.4380815776573,518.4380815776573,2.7495680052224527e-15
perk:armor,perk:gold_gain,31,402.45258773127193,402.4525877312719,2.746467478995081e-15
item:midas_hand,item:syringe,20,625.6554931572357,625.6554931572357,2.628295631339953e-15
perk:flat_damage,perk:shield,77,1392.9770093181044,1392.9770093181044,2.608313997818194e-15
perk:collect_radius,perk:jump_bonus,24,333.36030454993175,333.36030454993175,2.5892179234622773e-15
perk:collect_radius,perk:crit_multiplier,46,1005.5357616709516,1005.5357616709516,2.5868000515971753e-15
perk:move_speed,perk:xp_gain,35,724.3937071968085,724.3937071968085,2.5862761901411664e-15
item:golden_sneakers,perk:move_speed,19,547.9511630620553,547.9511630620553,2.495578425477069e-15
perk:collect_radius,perk:projectile_speed,34,708.3807837701283,708.3807837701283,2.4656571797512126e-15
perk:life_steal,perk:shield,37,679.3979606800234,679.3979606800234,2.3802234380918204e-15
item:midas_hand,perk:elite_flat_damage,46,979.5732375942054,979.5732375942054,2.36501234887392e-15
perk:armor,perk:move_speed,35,543.9008059838206,543.9008059838206,2.283917627879388e-15
item:canned_food,item:syringe,20,835.8472082708416,835.8472082708416,2.0970623428589705e-15
item:midas_hand,perk:shield,44,992.098689770197,992.098689770197,2.0266217644441606e-15
item:energy_drink,perk:xp_gain,31,682.3673169146554,682.3673169146554,2.0175333826004366e-15
item:golden_sneakers,perk:projectile_count,38,869.7974218091462,869.7974218091462,1.9730633349033377e-15
item:syringe,perk:damage_percent,39,1208.4314412026313,1208.4314412026313,1.9431369982921126e-15
item:golden_sneakers,perk:armor,23,538.8438587496087,538.8438587496087,1.9246976570344647e-15
item:sneakers,perk:shield,41,822.3144744850584,822.3144744850584,1.8691276034275408e-15
perk:flat_damage,perk:health_regen,60,1136.2280622574688,1136.2280622574688,1.832036651556777e-15
perk:elite_flat_damage,perk:jump_bonus,28,360.2494596669705,360.2494596669705,1.8296537204947568e-15
item:sneakers,perk:armor,30,545.3327267536814,545.3327267536814,1.7623367620895813e-15
perk:crit_chance,perk:health_regen,44,855.453300053293,855.453300053293,1.7499527960331357e-15
perk:flat_damage,perk:jump_bonus,23,292.837109184754,292.837109184754,1.7047458673746036e-15
item:corrupted_vial,perk:move_speed,22,700.298264013755,700.298264013755,1.7021896301870756e-15
perk:gold_gain,perk:shield,45,781.8655505391357,781.8655505391357,1.6548438543763516e-15
perk:health_regen,perk:life_steal,31,408.7193393798734,408.7193393798734,1.6536784295024944e-15
perk:flat_damage,perk:xp_gain,54,1249.8603274141412,1249.8603274141412,1.6164009921178482e-15
item:canned_food,perk:collect_radius,32,772.43674949941,772.4367494994099,1.5875880578791662e-15
item:corrupted_vial,perk:collect_radius,34,856.9206311393277,856.9206311393277,1.5521641811684054e-15
perk:move_speed,perk:projectile_count,41,812.3928945314298,812.3928945314298,1.53921215604411e-15
perk:crit_multiplier,perk:health_regen,48,1033.9709781553254,1033.9709781553254,1.535558262500415e-15
perk:crit_multiplier,perk:shield,59,1266.033525592405,1266.033525592405,1.5354026163306768e-15
perk:armor,perk:crit_multiplier,41,997.1807881643344,997.1807881643344,1.5071856100271358e-15
perk:crit_chance,perk:shield,48,1021.9021599084934,1021.9021599084934,1.4866128539770186e-15
perk:gold_gain,perk:xp_gain,32,460.9547944215999,460.9547944215999,1.4465063672548094e-15
item:golden_sneakers,perk:shield,43,864.8462788022566,864.8462788022566,1.436283901935538e-15
perk:flat_damage,perk:move_speed,37,788.791093191294,788.791093191294,1.3573026879134052e-15
perk:armor,perk:elite_flat_damage,52,1116.838822164467,1116.838822164467,1.3554712182450652e-15
item:sneakers,perk:xp_gain,31,672.9392723819599,672.9392723819599,1.3364672767457822e-15
item:corrupted_vial,perk:gold_gain,26,521.3953124440131,521.3953124440133,1.3263824043510969e-15
perk:health_regen,perk:xp_gain,49,903.5534062566285,903.5534062566284,1.3010818706117637e-15
item:canned_food,perk:jump_bonus,13,336.9160493422062,336.9160493422062,1.284503462616824e-15
item:syringe,perk:jump_bonus,18,265.31377097797997,265.31377097797997,1.2811830464861574e-15
perk:health_regen,perk:projectile_speed,35,698.794514586582,698.794514586582,1.2541006774510769e-15
item:syringe,perk:move_speed,22,530.9697544580847,530.9697544580847,1.216536559008541e-15
item:midas_hand,perk:armor,32,658.9839048669886,658.9839048669886,1.1743152987207117e-15
item:syringe,perk:gold_gain,20,642.2514360037146,642.2514360037146,1.1627010103714637e-15
item:midas_hand,perk:projectile_count,46,1010.6713673659125,1010.6713673659125,1.1341890269300428e-15
perk:jump_bonus,perk:life_steal,14,190.87393071283034,190.87393071283034,8.627646211854498e-16
item:energy_drink,item:midas_hand,23,623.7500983504106,623.7500983504104,8.229823030042959e-16
perk:collect_radius,perk:life_steal,29,447.4140525311738,447.4140525311738,7.587085471919463e-16
perk:elite_flat_damage,perk:shield,75,1336.296502140858,1336.296502140858,6.256770505016127e-16
item:corrupted_vial,item:sneakers,20,764.8908532560836,764.8908532560836,6.025444471393519e-16
item:canned_food,item:sneakers,15,534.2751366872145,534.2751366872145,5.611630611386334e-16
item:midas_hand,perk:health_regen,34,677.1279239587818,677.1279239587817,5.241178048828542e-16
perk:collect_radius,perk:crit_chance,44,817.8918533883922,817.8918533883922,5.193911153360823e-16
item:corrupted_vial,perk:health_regen,30,859.0076222989782,859.0076222989782,3.9787902031759747e-16
item:sneakers,perk:move_speed,26,571.4367992632298,571.4367992632298,2.798570677567949e-16
perk:elite_flat_damage,perk:gold_gain,39,617.4555190429706,617.4555190429706,2.5765769131571586e-16
item:golden_sneakers,perk:enemy_bounce,36,870.7781692682221,870.7781692682221,2.3855609794659766e-16
item:sneakers,perk:elite_flat_damage,35,785.7405956788203,785.7405956788203,1.9649582891009318e-16
item:canned_food,perk:attack_speed,27,897.8168341351625,897.8168341351624,1.4544279970797756e-16
item:sneakers,perk:life_steal,19,510.13807160982907,510.13807160982907,1.0865129178626903e-16
perk:collect_radius,perk:shield,61,1039.9989465638494,1039.9989465638494,9.980802588545846e-17
perk:gold_gain,perk:life_steal,23,365.9469918250155,365.94699182501546,9.871423129007869e-17
perk:armor,perk:flat_damage,50,1118.6410240486405,1118.6410240486405,7.573007407547757e-17
item:blood_infusion,item:blue_access_card,11,907.6970148068962,907.6970148068963,0.0
item:blood_infusion,item:camembert,23,908.6418954172048,908.6418954172048,0.0
item:blood_infusion,item:red_access_card,6,1010.5652949952087,1010.5652949952087,0.0
item:blood_infusion,item:three_leaf_clover,24,568.6110028649213,568.6110028649213,0.0
item:blood_infusion,item:vampire_tooth,11,758.607012430526,758.607012430526,0.0
item:blood_infusion,perk:effect_duration,26,518.3067311451053,518.3067311451053,0.0
item:blood_infusion,perk:luck,26,437.8985554918607,437.8985554918607,0.0
item:blood_infusion,perk:more_enemies,17,350.5914293186007,350.5914293186007,0.0
item:blue_access_card,item:camembert,10,1108.5224383925013,1108.5224383925013,0.0
item:blue_access_card,item:canned_food,10,838.3805895897979,838.3805895897979,0.0
item:blue_access_card,item:corrupted_vial,10,1044.0975580871575,1044.0975580871575,0.0
item:blue_access_card,item:energy_drink,9,429.5880452892291,429.5880452892291,0.0
item:blue_access_card,item:golden_sneakers,5,453.8921798029214,453.8921798029214,0.0
item:blue_access_card,item:midas_hand,10,552.0915384369707,552.0915384369707,0.0
item:blue_access_card,item:red_access_card,4,641.7927240032232,641.7927240032232,0.0
item:blue_access_card,item:syringe,10,1211.949549754998,1211.9495497549983,0.0
item:blue_access_card,item:three_leaf_clover,8,764.7736067094899,764.7736067094899,0.0
item:blue_access_card,perk:armor,13,905.897636555897,905.897636555897,0.0
item:blue_access_card,perk:attack_speed,18,795.7545370924175,795.7545370924174,0.0
item:blue_access_card,perk:collect_radius,15,829.5524309645969,829.5524309645969,0.0
item:blue_access_card,perk:crit_chance,10,942.0338751711417,942.0338751711417,0.0
item:blue_access_card,perk:crit_multiplier,16,870.7194266077026,870.7194266077028,0.0
item:blue_access_card,perk:damage_percent,19,783.9114187471741,783.9114187471741,0.0
item:blue_access_card,perk:effect_duration,10,790.4712114723017,790.4712114723017,0.0
item:blue_access_card,perk:elite_flat_damage,21,739.3581735851801,739.35817358518,0.0
item:blue_access_card,perk:enemy_bounce,18,875.0027860081892,875.0027860081892,0.0
item:blue_access_card,perk:flat_damage,17,822.3861784004164,822.3861784004164,0.0
item:blue_access_card,perk:gold_gain,7,190.15342628609238,190.15342628609238,0.0
item:blue_access_card,perk:health_regen,15,632.5002137585268,632.5002137585268,0.0
item:blue_access_card,perk:jump_bonus,10,321.53577470813775,321.53577470813775,0.0
item:blue_access_card,perk:life_steal,9,454.65292824839105,454.65292824839105,0.0
item:blue_access_card,perk:luck,12,407.9456873651193,407.9456873651193,0.0
item:blue_access_card,perk:more_enemies,9,591.0010505174627,591.0010505174627,0.0
item:blue_access_card,perk:move_speed,11,378.6478659002185,378.6478659002185,0.0
item:blue_access_card,perk:projectile_count,19,838.3580592054076,838.3580592054076,0.0
item:blue_access_card,perk:projectile_speed,11,713.7299578533929,713.7299578533929,0.0
item:blue_access_card,perk:shield,20,602.6573179676017,602.6573179676017,0.0
item:blue_access_card,perk:xp_gain,12,955.8891741212741,955.8891741212741,0.0
item:camembert,item:canned_food,28,831.3238295156007,831.3238295156007,0.0
item:camembert,item:corrupted_vial,22,951.6200810498871,951.6200810498871,0.0
item:camembert,item:energy_drink,17,514.2085736614697,514.2085736614697,0.0
item:camembert,item:golden_sneakers,21,559.411708122071,559.411708122071,0.0
item:camembert,item:midas_hand,20,671.0447341089924,671.0447341089924,0.0
item:camembert,item:red_access_card,9,933.1300224178083,933.1300224178083,0.0
item:camembert,item:sneakers,21,546.464523472534,546.4645234725339,0.0
item:camembert,item:syringe,24,845.2974337341917,845.2974337341919,0.0
item:camembert,item:three_leaf_clover,24,591.8035323665579,591.8035323665579,0.0
item:camembert,item:vampire_tooth,10,746.5104110652347,746.5104110652347,0.0
item:camembert,perk:armor,35,991.1068947582976,991.1068947582977,0.0
item:camembert,perk:attack_speed,35,1151.7341600484704,1151.7341600484704,0.0
item:camembert,perk:collect_radius,32,789.6421498748764,789.6421498748764,0.0
item:camembert,perk:crit_chance,29,854.1905473878238,854.1905473878238,0.0
item:camembert,perk:crit_multiplier,36,1086.5751256134195,1086.5751256134195,0.0
item:camembert,perk:damage_percent,42,1011.4428952133317,1011.4428952133317,0.0
item:camembert,perk:effect_duration,26,521.3626633593537,521.3626633593537,0.0
item:camembert,perk:elite_flat_damage,42,1108.4656682106877,1108.4656682106877,0.0
item:camembert,perk:enemy_bounce,43,1219.8766905074503,1219.8766905074503,0.0
item:camembert,perk:flat_damage,44,1172.2162252846697,1172.2162252846697,0.0
item:camembert,perk:gold_gain,24,521.5587602814401,521.5587602814401,0.0
item:camembert,perk:health_regen,39,879.5700594583514,879.5700594583515,0.0
item:camembert,perk:jump_bonus,16,290.0051779062547,290.00517790625463,0.0
item:camembert,perk:life_steal,17,454.46774168659465,454.4677416865946,0.0
item:camembert,perk:luck,31,480.4803913500779,480.4803913500779,0.0
item:camembert,perk:more_enemies,24,396.36831962844644,396.36831962844644,0.0
item:camembert,perk:move_speed,22,533.5474640237354,533.5474640237354,0.0
item:camembert,perk:projectile_count,50,1219.8766905074503,1219.8766905074503,0.0
item:camembert,perk:projectile_speed,22,666.9548937615095,666.9548937615095,0.0
item:camembert,perk:shield,46,1079.736399068787,1079.736399068787,0.0
item:camembert,perk:xp_gain,34,960.8874662811713,960.8874662811713,0.0
item:canned_food,item:red_access_card,11,693.4681474270873,693.4681474270874,0.0
item:canned_food,item:three_leaf_clover,17,644.3334037947943,644.3334037947943,0.0
item:canned_food,item:vampire_tooth,8,979.9727529294554,979.9727529294555,0.0
item:canned_food,perk:effect_duration,24,491.9630599558093,491.9630599558093,0.0
item:canned_food,perk:luck,27,517.9290892072602,517.9290892072602,0.0
item:canned_food,perk:more_enemies,19,467.4838078745063,467.4838078745063,0.0
item:corrupted_vial,item:red_access_card,7,674.1000967044687,674.1000967044687,0.0
item:corrupted_vial,item:three_leaf_clover,18,761.3998054703691,761.3998054703691,0.0
item:corrupted_vial,item:vampire_tooth,9,1017.0443967701768,1017.0443967701771,0.0
item:corrupted_vial,perk:effect_duration,22,664.0898042827799,664.0898042827799,0.0
item:corrupted_vial,perk:luck,23,532.4619068434455,532.4619068434455,0.0
item:corrupted_vial,perk:more_enemies,19,406.43200707016916,406.43200707016916,0.0
item:energy_drink,item:red_access_card,9,634.409048052152,634.4090480521519,0.0
item:energy_drink,item:three_leaf_clover,17,538.8233479257948,538.8233479257948,0.0
item:energy_drink,item:vampire_tooth,9,928.3350017973894,928.3350017973894,0.0
item:energy_drink,perk:effect_duration,20,497.8013988819083,497.8013988819083,0.0
item:energy_drink,perk:luck,24,465.9928736416086,465.9928736416086,0.0
item:energy_drink,perk:more_enemies,21,460.55890589625216,460.55890589625216,0.0
item:golden_sneakers,item:red_access_card,7,676.3841540788447,676.3841540788447,0.0
item:golden_sneakers,item:three_leaf_clover,13,568.5916662023604,568.5916662023604,0.0
item:golden_sneakers,item:vampire_tooth,8,1181.646520710565,1181.646520710565,0.0
item:golden_sneakers,perk:effect_duration,23,514.1830135127199,514.1830135127199,0.0
item:golden_sneakers,perk:luck,28,577.327211708623,577.327211708623,0.0
item:golden_sneakers,perk:more_enemies,21,348.42793782094134,348.42793782094134,0.0
item:midas_hand,item:red_access_card,10,545.2204731218175,545.2204731218175,0.0
item:midas_hand,item:three_leaf_clover,23,693.6471789340587,693.6471789340587,0.0
item:midas_hand,item:vampire_tooth,9,891.8808614295592,891.8808614295592,0.0
item:midas_hand,perk:effect_duration,19,374.86557433864243,374.86557433864243,0.0
item:midas_hand,perk:luck,21,506.4000526454061,506.4000526454061,0.0
item:midas_hand,perk:more_enemies,17,509.8505048933792,509.8505048933792,0.0
item:red_access_card,item:sneakers,10,547.523671967401,547.523671967401,0.0
item:red_access_card,item:syringe,10,900.8531610836924,900.8531610836924,0.0
item:red_access_card,item:three_leaf_clover,7,340.229237766448,340.229237766448,0.0
item:red_access_card,perk:armor,15,586.8293825180276,586.8293825180276,0.0
item:red_access_card,perk:attack_speed,14,717.518970465315,717.518970465315,0.0
item:red_access_card,perk:collect_radius,13,497.294818285035,497.294818285035,0.0
item:red_access_card,perk:crit_chance,9,764.431836453824,764.431836453824,0.0
item:red_access_card,perk:crit_multiplier,11,543.6587050715299,543.6587050715299,0.0
item:red_access_card,perk:damage_percent,17,631.0855713117212,631.0855713117211,0.0
item:red_access_card,perk:effect_duration,9,428.2640022939682,428.2640022939682,0.0
item:red_access_card,perk:elite_flat_damage,19,521.9598769750254,521.9598769750254,0.0
item:red_access_card,perk:enemy_bounce,14,852.4427762189155,852.4427762189154,0.0
item:red_access_card,perk:flat_damage,16,710.3096352098765,710.3096352098765,0.0
item:red_access_card,perk:gold_gain,10,627.7400337098339,627.740033709834,0.0
item:red_access_card,perk:health_regen,15,684.5997811413386,684.5997811413386,0.0
item:red_access_card,perk:jump_bonus,5,321.3538210358365,321.3538210358365,0.0
item:red_access_card,perk:life_steal,7,476.50512467624003,476.5051246762401,0.0
item:red_access_card,perk:luck,11,535.402004746548,535.402004746548,0.0
item:red_access_card,perk:more_enemies,8,502.680585515781,502.680585515781,0.0
item:red_access_card,perk:move_speed,8,360.0492253847458,360.0492253847458,0.0
item:red_access_card,perk:projectile_count,17,728.7705467340008,728.7705467340008,0.0
item:red_access_card,perk:projectile_speed,13,773.3328104375331,773.3328104375331,0.0
item:red_access_card,perk:shield,17,682.1279681717142,682.1279681717142,0.0
item:red_access_card,perk:xp_gain,12,489.2579295989024,489.2579295989024,0.0
item:sneakers,item:three_leaf_clover,21,555.889284670242,555.8892846702419,0.0
item:sneakers,item:vampire_tooth,7,910.9489654157469,910.9489654157469,0.0
item:sneakers,perk:effect_duration,22,502.71332111941047,502.71332111941047,0.0
item:sneakers,perk:luck,23,441.1764727869727,441.1764727869727,0.0
item:sneakers,perk:more_enemies,16,311.8845317519359,311.8845317519359,0.0
item:syringe,item:three_leaf_clover,18,580.6646100038802,580.6646100038802,0.0
item:syringe,item:vampire_tooth,9,1072.353092856429,1072.3530928564292,0.0
item:syringe,perk:effect_duration,24,621.3055467028396,621.3055467028396,0.0
item:syringe,perk:luck,28,657.8261404987103,657.8261404987104,0.0
item:syringe,perk:more_enemies,23,351.44189675828375,351.44189675828375,0.0
item:three_leaf_clover,item:vampire_tooth,9,599.5100988838645,599.5100988838645,0.0
item:three_leaf_clover,perk:armor,30,616.0938517948249,616.093851794825,0.0
item:three_leaf_clover,perk:attack_speed,33,775.8449031577242,775.8449031577242,0.0
item:three_leaf_clover,perk:collect_radius,34,678.1945274500837,678.1945274500837,0.0
item:three_leaf_clover,perk:crit_chance,26,455.53948585757445,455.53948585757445,0.0
item:three_leaf_clover,perk:crit_multiplier,31,760.3269726918174,760.3269726918174,0.0
item:three_leaf_clover,perk:damage_percent,33,677.1196097099908,677.1196097099906,0.0
item:three_leaf_clover,perk:effect_duration,21,379.5042099853607,379.5042099853607,0.0
item:three_leaf_clover,perk:elite_flat_damage,34,823.484968896457,823.484968896457,0.0
item:three_leaf_clover,perk:enemy_bounce,40,878.2045181695867,878.2045181695867,0.0
item:three_leaf_clover,perk:flat_damage,38,812.5590394130027,812.5590394130027,0.0
item:three_leaf_clover,perk:gold_gain,24,377.9554478752461,377.9554478752461,0.0
item:three_leaf_clover,perk:health_regen,32,520.6867577543622,520.6867577543622,0.0
item:three_leaf_clover,perk:jump_bonus,12,398.8288324891477,398.8288324891476,0.0
item:three_leaf_clover,perk:life_steal,19,627.885128605586,627.8851286055859,0.0
item:three_leaf_clover,perk:luck,21,294.25004478156075,294.25004478156075,0.0
item:three_leaf_clover,perk:more_enemies,20,438.27903360351763,438.27903360351763,0.0
item:three_leaf_clover,perk:move_speed,22,478.2818649107237,478.2818649107237,0.0
item:three_leaf_clover,perk:projectile_count,41,877.3397696473527,877.3397696473527,0.0
item:three_leaf_clover,perk:projectile_speed,21,486.56455373385273,486.5645537338526,0.0
item:three_leaf_clover,perk:shield,40,866.2104333974003,866.2104333974003,0.0
item:three_leaf_clover,perk:xp_gain,28,679.151879378688,679.1518793786879,0.0
item:vampire_tooth,perk:armor,11,516.479474552125,516.479474552125,0.0
item:vampire_tooth,perk:attack_speed,13,1094.5442412511247,1094.5442412511247,0.0
item:vampire_tooth,perk:collect_radius,12,968.3278960423248,968.3278960423248,0.0
item:vampire_tooth,perk:crit_chance,13,834.8162676116542,834.8162676116542,0.0
item:vampire_tooth,perk:crit_multiplier,17,788.3829083420928,788.3829083420928,0.0
item:vampire_tooth,perk:damage_percent,17,920.4829879711339,920.4829879711339,0.0
item:vampire_tooth,perk:effect_duration,11,807.0941614279916,807.0941614279916,0.0
item:vampire_tooth,perk:elite_flat_damage,18,774.0436486102489,774.0436486102489,0.0
item:vampire_tooth,perk:enemy_bounce,21,817.2970205594514,817.2970205594514,0.0
item:vampire_tooth,perk:flat_damage,17,927.3001909966946,927.3001909966946,0.0
item:vampire_tooth,perk:gold_gain,7,1010.7771890905777,1010.7771890905778,0.0
item:vampire_tooth,perk:health_regen,16,714.4250325402483,714.4250325402483,0.0
item:vampire_tooth,perk:jump_bonus,5,534.9458461697263,534.9458461697263,0.0
item:vampire_tooth,perk:life_steal,5,471.66498046825836,471.66498046825836,0.0
item:vampire_tooth,perk:luck,11,749.3140605554396,749.3140605554396,0.0
item:vampire_tooth,perk:more_enemies,7,366.0535627792,366.0535627792,0.0
item:vampire_tooth,perk:move_speed,11,611.6306283621976,611.6306283621976,0.0
item:vampire_tooth,perk:projectile_count,21,815.6871579032082,815.687157903208,0.0
item:vampire_tooth,perk:projectile_speed,9,680.0198821096515,680.0198821096513,0.0
item:vampire_tooth,perk:shield,19,869.0253931430866,869.0253931430866,0.0
item:vampire_tooth,perk:xp_gain,13,819.4670824157377,819.4670824157377,0.0
perk:armor,perk:effect_duration,32,529.5003591151338,529.5003591151338,0.0
perk:armor,perk:luck,32,461.3988208249785,461.3988208249785,0.0
perk:armor,perk:more_enemies,22,419.3508664082978,419.3508664082978,0.0
perk:attack_speed,perk:effect_duration,33,760.370382876317,760.370382876317,0.0
perk:attack_speed,perk:luck,37,682.4891151731571,682.4891151731571,0.0
perk:attack_speed,perk:more_enemies,27,466.8272171349367,466.8272171349367,0.0
perk:collect_radius,perk:effect_duration,34,779.2593375865699,779.2593375865699,0.0
perk:collect_radius,perk:luck,34,523.0914554684431,523.0914554684431,0.0
perk:collect_radius,perk:more_enemies,32,497.73763555585975,497.73763555585975,0.0
perk:crit_chance,perk:effect_duration,26,529.746597234553,529.746597234553,0.0
perk:crit_chance,perk:luck,32,571.6398499215348,571.6398499215348,0.0
perk:crit_chance,perk:more_enemies,29,277.9508825417753,277.9508825417753,0.0
perk:crit_multiplier,perk:effect_duration,34,801.4258978263883,801.4258978263885,0.0
perk:crit_multiplier,perk:luck,36,741.3063789684334,741.3063789684334,0.0
perk:crit_multiplier,perk:more_enemies,27,441.32560064541696,441.32560064541707,0.0
perk:damage_percent,perk:effect_duration,39,802.3679795475878,802.3679795475877,0.0
perk:damage_percent,perk:luck,42,764.094935154245,764.094935154245,0.0
perk:damage_percent,perk:more_enemies,30,492.7800972387677,492.7800972387677,0.0
perk:effect_duration,perk:elite_flat_damage,39,795.006864780347,795.006864780347,0.0
perk:effect_duration,perk:enemy_bounce,43,843.1733498079199,843.1733498079199,0.0
perk:effect_duration,perk:flat_damage,42,781.2042433683863,781.2042433683863,0.0
perk:effect_duration,perk:gold_gain,22,263.1237033603215,263.1237033603215,0.0
perk:effect_duration,perk:health_regen,35,638.9481112782502,638.9481112782502,0.0
perk:effect_duration,perk:jump_bonus,20,330.9052410274907,330.9052410274907,0.0
perk:effect_duration,perk:life_steal,16,243.5068085816345,243.5068085816345,0.0
perk:effect_duration,perk:luck,31,458.69624831315787,458.69624831315787,0.0
perk:effect_duration,perk:more_enemies,19,406.042447373579,406.042447373579,0.0
perk:effect_duration,perk:move_speed,24,486.4344575425896,486.4344575425896,0.0
perk:effect_duration,perk:projectile_count,45,843.1733498079199,843.1733498079199,0.0
perk:effect_duration,perk:projectile_speed,20,470.66164731675644,470.66164731675644,0.0
perk:effect_duration,perk:shield,41,650.347509904138,650.347509904138,0.0
perk:effect_duration,perk:xp_gain,35,695.7945730177977,695.7945730177977,0.0
perk:elite_flat_damage,perk:luck,43,743.7278548248438,743.7278548248438,0.0
perk:elite_flat_damage,perk:more_enemies,31,551.317896386971,551.3178963869709,0.0
perk:flat_damage,perk:luck,40,695.941184040705,695.941184040705,0.0
perk:flat_damage,perk:more_enemies,33,527.9237874730261,527.9237874730261,0.0
perk:gold_gain,perk:luck,34,493.19326875516646,493.19326875516646,0.0
perk:gold_gain,perk:more_enemies,20,252.57236341914023,252.57236341914023,0.0
perk:health_regen,perk:luck,43,719.7839580830959,719.7839580830959,0.0
perk:health_regen,perk:more_enemies,31,333.74056441314656,333.74056441314656,0.0
perk:jump_bonus,perk:luck,18,275.14719269769125,275.14719269769125,0.0
perk:jump_bonus,perk:more_enemies,15,267.8246066939931,267.824606693993,0.0
perk:life_steal,perk:luck,16,268.7328368968803,268.7328368968803,0.0
perk:life_steal,perk:more_enemies,16,304.4249506035695,304.4249506035695,0.0
perk:luck,perk:more_enemies,27,278.08711254495154,278.08711254495154,0.0
perk:luck,perk:move_speed,26,407.96170895141023,407.96170895141023,0.0
perk:luck,perk:projectile_count,48,786.0034499625536,786.0034499625536,0.0
perk:luck,perk:projectile_speed,29,417.0576471048808,417.0576471048808,0.0
perk:luck,perk:shield,46,742.0054826863893,742.0054826863893,0.0
perk:luck,perk:xp_gain,35,585.6907995811417,585.6907995811417,0.0
perk:more_enemies,perk:move_speed,20,323.0998930692733,323.0998930692733,0.0
perk:more_enemies,perk:projectile_count,37,599.2825137816372,599.2825137816372,0.0
perk:more_enemies,perk:projectile_speed,19,361.6998837823753,361.6998837823753,0.0
perk:more_enemies,perk:shield,35,580.410541414138,580.410541414138,0.0
perk:more_enemies,perk:xp_gain,29,449.26786425287474,449.2678642528747,0.0
perk:elite_flat_damage,perk:health_regen,56,1058.061528478681,1058.0615284786813,-2.337154864996311e-17
item:golden_sneakers,item:syringe,22,680.7476840379079,680.7476840379079,-2.89298380545605e-17
item:sneakers,perk:health_regen,35,624.2022953296932,624.2022953296934,-2.901851915582538e-17
perk:jump_bonus,perk:projectile_count,28,385.55597724486444,385.55597724486444,-4.967901395134192e-17
perk:projectile_speed,perk:shield,43,761.3275808767361,761.3275808767361,-7.008667350579403e-17
perk:attack_speed,perk:move_speed,31,659.1443801273743,659.1443801273743,-1.5686263256067294e-16
perk:collect_radius,perk:health_regen,50,982.6212402864561,982.6212402864561,-3.1054553839695926e-16
perk:collect_radius,perk:elite_flat_damage,59,1065.9150233494508,1065.9150233494508,-3.112280519909331e-16
perk:enemy_bounce,perk:move_speed,37,812.3928945314298,812.3928945314298,-3.5211834543796724e-16
perk:damage_percent,perk:xp_gain,47,1122.1767038444816,1122.1767038444816,-3.6356173014757297e-16
item:midas_hand,perk:damage_percent,38,827.3478780718114,827.3478780718111,-3.658963662652564e-16
item:canned_food,perk:gold_gain,21,601.1622504366886,601.1622504366886,-4.1434390225110485e-16
item:golden_sneakers,item:midas_hand,18,612.5519700608866,612.5519700608866,-4.153565964352872e-16
perk:damage_percent,perk:health_regen,57,1110.3812436498006,1110.3812436498006,-4.20409811826219e-16
perk:attack_speed,perk:jump_bonus,26,364.35901589469785,364.35901589469785,-5.09194667269959e-16
item:golden_sneakers,perk:gold_gain,25,453.3434619958496,453.34346199584974,-5.264755795294625e-16
item:energy_drink,perk:collect_radius,31,621.4487993298352,621.4487993298352,-5.350791429068453e-16
item:canned_food,perk:projectile_speed,23,615.5244550902689,615.5244550902688,-5.758552865371714e-16
item:blood_infusion,item:sneakers,20,509.18070806023087,509.18070806023087,-5.865171602653876e-16
perk:flat_damage,perk:gold_gain,43,727.5391507308735,727.5391507308735,-6.340718883086321e-16
perk:crit_multiplier,perk:move_speed,32,721.8325993966506,721.8325993966506,-6.651871898048005e-16
item:corrupted_vial,perk:armor,30,941.3639253106948,941.3639253106948,-9.276311811782216e-16
perk:gold_gain,perk:move_speed,25,268.5609707497396,268.5609707497396,-9.437987351098811e-16
perk:armor,perk:projectile_speed,30,630.948321827145,630.948321827145,-1.06507581079882e-15
item:energy_drink,item:sneakers,16,633.2589035987938,633.2589035987938,-1.1534572060308749e-15
perk:attack_speed,perk:xp_gain,46,1243.960597223335,1243.960597223335,-1.268200670406136e-15
perk:enemy_bounce,perk:xp_gain,53,1302.4713938665034,1302.4713938665034,-1.367759965039147e-15
item:sneakers,perk:collect_radius,36,623.3863322395609,623.3863322395609,-1.388698371665366e-15
item:energy_drink,perk:move_speed,24,459.5930651559602,459.59306515596023,-1.4512977066773652e-15
item:golden_sneakers,perk:jump_bonus,15,364.23412319267095,364.23412319267095,-1.5071378089840632e-15
item:energy_drink,perk:health_regen,32,614.3820495131026,614.3820495131026,-1.5484724897368824e-15
perk:attack_speed,perk:shield,64,1371.300206554738,1371.300206554738,-1.6258675734737545e-15
item:midas_hand,perk:gold_gain,28,501.8950884249525,501.89508842495246,-1.6362906431297791e-15
item:sneakers,perk:damage_percent,32,619.3821531187527,619.3821531187527,-1.6539967308080705e-15
perk:crit_multiplier,perk:gold_gain,35,643.0750950206998,643.0750950206998,-1.7278195613730034e-15
perk:armor,perk:attack_speed,39,1042.496826749824,1042.496826749824,-1.777737851742542e-15
item:golden_sneakers,perk:damage_percent,37,821.7522468383162,821.7522468383162,-1.8227488785135822e-15
item:midas_hand,perk:attack_speed,36,920.6571988257715,920.6571988257715,-1.8574622306957682e-15
perk:crit_multiplier,perk:jump_bonus,23,352.58231024620187,352.58231024620187,-1.987780625696345e-15
item:sneakers,perk:crit_chance,31,651.239925436551,651.239925436551,-2.025995036587771e-15
perk:gold_gain,perk:projectile_count,44,793.7094599899909,793.7094599899909,-2.0572017690736214e-15
perk:health_regen,perk:move_speed,39,623.3471744570747,623.3471744570747,-2.106079796149688e-15
item:blood_infusion,perk:gold_gain,28,520.5927073539546,520.5927073539546,-2.1948091539474773e-15
perk:armor,perk:health_regen,48,792.7070226855136,792.7070226855136,-2.2919694038819433e-15
perk:crit_chance,perk:gold_gain,29,452.9663397094751,452.9663397094752,-2.3598561002610502e-15
perk:damage_percent,perk:move_speed,35,667.4530478100115,667.4530478100115,-2.4088377529763634e-15
perk:armor,perk:damage_percent,45,947.6269000592421,947.6269000592421,-2.472475350228533e-15
perk:attack_speed,perk:gold_gain,34,664.7773070586262,664.7773070586262,-2.636580583584015e-15
item:energy_drink,perk:gold_gain,23,402.9380938907102,402.9380938907102,-3.0380069387336794e-15
perk:move_speed,perk:projectile_speed,19,252.98836771758354,252.98836771758354,-3.053203741087271e-15
perk:enemy_bounce,perk:luck,45,786.0034499625536,786.0034499625536,-3.0559787894843783e-15
item:sneakers,perk:attack_speed,33,789.5587256220751,789.5587256220753,-3.154837476031461e-15
item:energy_drink,perk:jump_bonus,20,298.35368355442955,298.35368355442955,-3.235385612453765e-15
perk:gold_gain,perk:jump_bonus,12,226.13151070599307,226.13151070599307,-3.66191812140457e-15
item:midas_hand,perk:flat_damage,43,974.1079806567799,974.1079806567799,-3.745385768822346e-15
perk:crit_chance,perk:jump_bonus,21,264.8865248104886,264.8865248104886,-3.813475081259844e-15
item:sneakers,perk:crit_multiplier,30,699.3984532333501,699.3984532333501,-4.180744460922458e-15
perk:enemy_bounce,perk:more_enemies,32,599.7679963971669,599.7679963971669,-4.288071321316637e-15
perk:enemy_bounce,perk:jump_bonus,27,395.48200842270893,395.48200842270893,-4.5005792956962735e-15
item:midas_hand,item:sneakers,22,608.5619243947003,608.5619243947003,-4.523613070405181e-15
perk:armor,perk:collect_radius,43,733.7957296973235,733.7957296973235,-4.639118549162974e-15
perk:attack_speed,perk:health_regen,47,1078.3718449275796,1078.3718449275796,-4.7081512299315714e-15
item:sneakers,perk:jump_bonus,13,338.59431514445083,338.5943151444509,-5.0042647725964936e-15
perk:elite_flat_damage,perk:flat_damage,66,1430.8058905523292,1430.8058905523292,-5.077589694558545e-15
perk:armor,perk:crit_chance,40,843.765740799547,843.765740799547,-5.1280624747999144e-15
perk:collect_radius,perk:flat_damage,60,1126.5094715800603,1126.5094715800603,-5.1602747726841076e-15
item:sneakers,perk:gold_gain,24,344.854925257777,344.854925257777,-5.161699809847077e-15
perk:gold_gain,perk:health_regen,39,659.7265481236981,659.7265481236981,-5.2394060864616965e-15
perk:damage_percent,perk:gold_gain,36,675.2212750189902,675.2212750189902,-5.41892625442315e-15
perk:damage_percent,perk:jump_bonus,27,378.98866113472656,378.98866113472667,-5.839529960044969e-15
perk:enemy_bounce,perk:gold_gain,38,793.7094599899909,793.7094599899909,-6.3337535926007405e-15
perk:attack_speed,perk:collect_radius,50,1120.9723116763864,1120.9723116763864,-6.5374507941767775e-15
item:midas_hand,perk:enemy_bounce,38,1010.6713673659125,1010.6713673659125,-6.59967491290117e-15
item:sneakers,perk:enemy_bounce,36,854.6960291106839,854.6960291106839,-6.952060558082389e-15
perk:collect_radius,perk:damage_percent,53,1094.3967119200072,1094.3967119200072,-7.519827675547505e-15
item:sneakers,perk:projectile_count,42,851.1657171364449,851.1657171364449,-9.219953696464895e-15
perk:collect_radius,perk:enemy_bounce,55,1167.325913063516,1167.325913063516,-1.0737795953701546e-14
perk:collect_radius,perk:projectile_count,64,1167.325913063516,1167.325913063516,-1.218963823305866e-14
item:energy_drink,perk:projectile_speed,20,431.8591869999044,440.50750138890635,-1.7318627596219245
